"cols","y","yend","x","label"
"None","#FFFFFF",1,2,1,"None"
"CCGGGA","#92C6FF",2,3,1,"CCGGGA"
"CATGGA","#97F0AA",3,4,1,"CATGGA"
"GCCGGA","#FF9F9A",4,5,1,"GCCGGA"
"ATAGGA","#D0BBFF",5,6,1,"ATAGGA"
"GATGGA","#FFFEA3",6,7,1,"GATGGA"
"ACGGGA","#B0E0E6",7,8,1,"ACGGGA"
"ACAGGA","#4C72B0",8,9,1,"ACAGGA"
"TATGGA","#55A868",9,10,1,"TATGGA"
"TCGGGA","#C44E52",10,11,1,"TCGGGA"
"GCTGGA","#8172B2",11,12,1,"GCTGGA"
"CTAGGA","#CCB974",12,13,1,"CTAGGA"
"TGTGGA","#64B5CD",13,14,1,"TGTGGA"
"AGAGGA","#003FFF",14,15,1,"AGAGGA"
"CAGGGA","#03ED3A",15,16,1,"CAGGGA"
"TAAGGA","#E8000B",16,17,1,"TAAGGA"
"GAGGGA","#8A2BE2",17,18,1,"GAGGGA"
"TAGGGA","#FFC400",18,19,1,"TAGGGA"
"ACCGGA","#00D7FF",19,20,1,"ACCGGA"
"GCGGGA","#001C7F",20,21,1,"GCGGGA"
